12,135319182005_525614182005cpc6.tif
13,1385119182005_505614182005cpc18.tif
14,1854919182005_485614182005cpc12.tif
15,1855019182005_495614182005cpc15.tif
16,1855319182005_535614182005cpc7.tif
17,2014819182005_485614182005cpc1.tif
18,2485219182005_515614182005cpc21.tif
19,3105319182005_535614182005cpc8.tif
20,4665019182005_505614182005cpc16.tif
21,4665219182005_525614182005cpc3.tif
22,5134819182005_485614182005cpc10.tif
23,5294919182005_495614182005cpc13.tif
24,5605119182005_515614182005cpc19.tif
25,6235319182005_535614182005cpc9.tif
26,6385219182005_525614182005cpc4.tif
27,8105019182005_505614182005cpc17.tif
28,8105219182005_525614182005cpc5.tif
29,8724819182005_485614182005cpc11.tif
30,8735119182005_515614182005cpc20.tif
31,8884919182005_495614182005cpc14.tif
32,203015582005_285910582005cpc26.tif
33,2542615582005_255910582005cpc23.tif
34,2832515582005_245910582005cpc22.tif
35,3362715582005_265910582005cpc24.tif
36,6382815582005_275910582005cpc25.tif
37,1562718982005_264313982005cpc70.tif
38,271518982005_144313982005cpc36.tif
39,3952618982005_254313982005cpc67.tif
40,4122418982005_234313982005cpc65.tif
41,4191618982005_154313982005cpc38.tif
42,4202318982005_224313982005cpc62.tif
43,4332518982005_244313982005cpc66.tif
44,4792218982005_214313982005cpc59.tif
45,487818982005_74313982005cpc30.tif
46,559918982005_84313982005cpc31.tif
47,5651318982005_124313982005cpc34.tif
48,5662018982005_194313982005cpc45.tif
49,621818982005_174313982005cpc39.tif
50,6441918982005_194313982005cpc43.tif
51,666718982005_64313982005cpc28.tif
52,6672118982005_204313982005cpc58.tif
53,754618982005_54313982005cpc27.tif
54,831218982005_114313982005cpc33.tif
55,8911018982005_94313982005cpc32.tif
56,9131818982005_184313982005cpc40.tif
57,162119982005_205914982005cpc98.tif
58,331319982005_115914982005cpc86.tif
59,394719982005_65914982005cpc82.tif
60,42019982005_195914982005cpc94.tif
61,4211119982005_105914982005cpc85.tif
62,4281619982005_155914982005cpc88.tif
63,5101719982005_165914982005cpc91.tif
64,707819982005_75914982005cpc83.tif
65,8661419982005_135914982005cpc87.tif
66,879319982005_25914982005cpc71.tif
67,8921819982005_175914982005cpc92.tif
68,912519982005_55914982005cpc81.tif
69,921419982005_45914982005cpc72.tif
70,958919982005_95914982005cpc84.tif
71,10012191082005_1048141082005cpc89.tif
72,16254191082005_5247141082005cpc61.tif
73,18549191082005_4847141082005cpc55.tif
74,2231191082005_5947141082005cpc69.tif
75,2348191082005_4647141082005cpc54.tif
76,27335191082005_3447141082005cpc46.tif
77,3637191082005_548141082005cpc78.tif
78,39750191082005_4947141082005cpc56.tif
79,39757191082005_5547141082005cpc64.tif
80,42932191082005_3147141082005cpc37.tif
81,46710191082005_948141082005cpc80.tif
82,48945191082005_4447141082005cpc52.tif
83,49159191082005_5747141082005cpc68.tif
84,5005191082005_448141082005cpc77.tif
85,5140191082005_3847141082005cpc49.tif
86,52555191082005_5447141082005cpc63.tif
87,60536191082005_3547141082005cpc47.tif
88,6119191082005_1748141082005cpc96.tif
89,66320191082005_1948141082005cpc97.tif
90,6862191082005_148141082005cpc74.tif
91,69521191082005_2048141082005cpc99.tif
92,70917191082005_1648141082005cpc95.tif
93,71052191082005_5147141082005cpc60.tif
94,77146191082005_4547141082005cpc53.tif
95,77951191082005_5047141082005cpc57.tif
96,7838191082005_3747141082005cpc48.tif
97,80133191082005_3247141082005cpc44.tif
98,84341191082005_4047141082005cpc50.tif
99,8530191082005_2847141082005cpc35.tif
100,8773191082005_248141082005cpc76.tif
101,8858191082005_748141082005cpc79.tif
102,89743191082005_4247141082005cpc51.tif
103,90313191082005_1248141082005cpc90.tif
104,97615191082005_1448141082005cpc93.tif
105,8123420892005_341315892005cpc100.tif
106,3.tif
107,4.tif
108,5.tif
109,6.tif
110,7.tif
111,8.tif
113,10.tif
114,11.tif
115,12.tif
116,13.tif
117,14.tif
118,15.tif
119,16.tif
120,17.tif
121,18.tif
122,19.tif
123,20.tif
124,21.tif
125,22.tif
126,23.tif
127,24.tif
128,25.tif
129,26.tif
130,27.tif
131,28.tif
132,29.tif
133,30.tif
135,32.tif
136,33.tif
137,34.tif
138,35.tif
139,36.tif
140,37.tif
141,38.tif
142,39.tif
143,40.tif
144,41.tif
145,42.tif
146,43.tif
147,44.tif
148,45.tif
149,46.tif
150,47.tif
151,48.tif
152,49.tif
153,50.tif
154,51.tif
155,52.tif
156,53.tif
157,54.tif
158,55.tif
159,56.tif
160,57.tif
161,58.tif
162,59.tif
163,60.tif
164,61.tif
165,62.tif
166,63.tif
167,64.tif
168,65.tif
169,66.tif
170,67.tif
171,68.tif
172,69.tif
175,72.tif
176,73.tif
177,74.tif
178,75.tif
179,76.tif
180,77.tif
181,78.tif
182,79.tif
183,80.tif
184,81.tif
185,82.tif
186,83.tif
187,84.tif
188,85.tif
189,86.tif
190,87.tif
191,88.tif
192,89.tif
193,90.tif
194,91.tif
195,92.tif
196,93.tif
197,94.tif
199,100.tif
200,101.tif
201,102.tif
202,103.tif
203,104.tif
204,105.tif
205,106.tif
206,107.tif
207,108.tif
208,109.tif
209,110.tif
210,111.tif
211,112.tif
212,113.tif
213,114.tif
214,115.tif
215,116.tif
216,117.tif
217,118.tif
218,119.tif
219,120.tif
220,121.tif
221,122.tif
222,96.tif
223,97.tif
225,99.tif
226,123.tif
227,124.tif
228,125.tif
229,126.tif
230,127.tif
231,128.tif
232,129.tif
233,130.tif
235,132.tif
236,133.tif
238,135.tif
239,136.tif
240,137.tif
241,138.tif
242,139.tif
243,140.tif
244,141.tif
247,144.tif
248,145.tif
249,146.tif
250,147.tif
252,149.tif
253,150.tif
254,151.tif
255,152.tif
258,155.tif
260,157.tif
261,158.tif
262,159.tif
271,168.tif
274,171.tif
275,172.tif
276,173.tif
277,174.tif
278,175.tif
280,177.tif
281,178.tif
282,179.tif
283,180.tif
284,181.tif
285,182.tif
286,183.tif
287,184.tif
288,185.tif
289,186.tif
290,187.tif
291,188.tif
292,189.tif
293,190.tif
294,191.tif
295,192.tif
296,193.tif
297,194.tif
298,195.tif
299,196.tif
300,197.tif
301,198.tif
302,199.tif
303,200.tif
304,201.tif
305,202.tif
306,203.tif
307,204.tif
308,205.tif
309,206.tif
310,207.tif
311,208.tif
321,212.tif
322,213.tif
323,214.tif
324,215.tif
325,216.tif
326,217.tif
327,218.tif
328,219.tif
329,220.tif
330,221.tif
331,222.tif
332,223.tif
333,224.tif
334,225.tif
335,226.tif
336,227.tif
337,228.tif
338,229.tif
339,230.tif
340,231.tif
341,232.tif
342,233.tif
343,234.tif
344,235.tif
345,236.tif
346,237.tif
347,238.tif
348,239.tif
349,240.tif
350,241.tif
351,242.tif
352,243.tif
353,244.tif
354,245.tif
355,246.tif
356,247.tif
357,248.tif
358,249.tif
359,250.tif
360,251.tif
361,252.tif
362,253.tif
363,254.tif
364,255.tif
365,256.tif
366,257.tif
367,258.tif
368,259.tif
369,260.tif
370,261.tif
371,262.tif
372,263.tif
373,264.tif
374,265.tif
375,266.tif
376,267.tif
377,268.tif
378,269.tif
379,270.tif
380,271.tif
381,272.tif
382,273.tif
383,274.tif
384,275.tif
385,276.tif
386,277.tif
387,278.tif
388,279.tif
389,280.tif
390,281.tif
391,282.tif
392,283.tif
393,284.tif
394,285.tif
395,286.tif
396,287.tif
397,288.tif
398,289.tif
399,290.tif
400,291.tif
401,292.tif
402,293.tif
412,303.tif
435,326.tif
436,327.tif
437,328.tif
438,329.tif
439,330.tif
440,331.tif
441,332.tif
442,333.tif
443,334.tif
456,347.tif
458,349.tif
459,350.tif
460,351.tif
461,352.tif
462,353.tif
485,376.tif
486,377.tif
487,378.tif
488,379.tif
489,380.tif
490,381.tif
491,382.tif
492,383.tif
493,384.tif
494,385.tif
495,386.tif
496,387.tif
497,388.tif
498,389.tif
499,390.tif
500,391.tif
501,392.tif
502,393.tif
503,394.tif
504,395.tif
505,396.tif
520,411.tif
524,415.tif
531,422.tif
532,423.tif
533,424.tif
534,425.tif
535,426.tif
536,427.tif
537,428.tif
538,429.tif
539,430.tif
540,431.tif
541,432.tif
542,433.tif
543,434.tif
544,435.tif
545,436.tif
546,437.tif
547,438.tif
548,439.tif
549,440.tif
550,441.tif
551,442.tif
552,443.tif
553,444.tif
554,445.tif
555,446.tif
556,447.tif
557,448.tif
558,449.tif
559,450.tif
560,451.tif
561,452.tif
562,453.tif
563,454.tif
564,455.tif
565,456.tif
566,457.tif
567,458.tif
568,459.tif
569,460.tif
570,461.tif
571,462.tif
573,464.tif
574,465.tif
575,466.tif
576,467.tif
577,468.tif
578,469.tif
579,470.tif
580,471.tif
581,472.tif
582,473.tif
583,474.tif
584,475.tif
585,476.tif
586,477.tif
587,478.tif
588,479.tif
589,480.tif
590,481.tif
591,482.tif
592,483.tif
593,484.tif
594,485.tif
598,489.tif
599,490.tif
600,491.tif
601,492.tif
608,499.tif
609,500.tif
610,501.tif
611,502.tif
612,503.tif
613,504.tif
614,505.tif
615,506.tif
616,507.tif
617,508.tif
618,509.tif
619,510.tif
620,511.tif
621,512.tif
622,513.tif
623,514.tif
624,515.tif
625,516.tif
626,517.tif
627,518.tif
628,519.tif
629,520.tif
630,521.tif
631,522.tif
632,523.tif
633,524.tif
634,525.tif
635,526.tif
636,527.tif
637,528.tif
638,529.tif
639,530.tif
640,531.tif
641,532.tif
642,533.tif
643,534.tif
644,535.tif
645,536.tif
646,537.tif
647,538.tif
648,539.tif
649,540.tif
650,541.tif
651,542.tif
652,543.tif
653,544.tif
654,545.tif
655,546.tif
656,547.tif
657,548.tif
658,549.tif
659,550.tif
660,551.tif
661,552.tif
662,553.tif
663,554.tif
664,555.tif
665,556.tif
668,559.tif
669,560.tif
670,561.tif
671,562.tif
672,563.tif
673,564.tif
674,565.tif
675,566.tif
676,567.tif
677,568.tif
678,569.tif
679,570.tif
680,571.tif
681,572.tif
682,573.tif
683,574.tif
684,575.tif
685,576.tif
686,577.tif
687,578.tif
688,579.tif
689,580.tif
700,591.tif
705,596.tif
706,597.tif
712,603.tif
732,623.tif
739,630.tif
740,631.tif
741,632.tif
742,633.tif
743,634.tif
744,635.tif
745,636.tif
746,637.tif
747,638.tif
748,639.tif
749,640.tif
750,641.tif
751,642.tif
752,643.tif
753,644.tif
754,645.tif
755,646.tif
756,647.tif
757,648.tif
758,649.tif
759,650.tif
760,651.tif
761,652.tif
762,653.tif
763,654.tif
764,655.tif
765,656.tif
766,657.tif
767,658.tif
768,659.tif
769,660.tif
775,666.tif
785,676.tif
787,678.tif
789,680.tif
790,681.tif
791,682.tif
792,683.tif
795,686.tif
796,687.tif
797,688.tif
798,689.tif
799,690.tif
800,691.tif
801,692.tif
802,693.tif
803,694.tif
804,695.tif
805,696.tif
806,697.tif
807,698.tif
808,699.tif
815,706.tif
818,709.tif
819,710.tif
820,711.tif
824,715.tif
825,716.tif
826,717.tif
827,718.tif
828,719.tif
829,720.tif
830,721.tif
831,722.tif
832,723.tif
833,724.tif
834,725.tif
835,726.tif
836,727.tif
837,728.tif
838,729.tif
839,730.tif
864,755.tif
867,758.tif
871,762.tif
872,763.tif
873,764.tif
874,765.tif
875,766.tif
876,767.tif
877,768.tif
878,769.tif
879,770.tif
880,771.tif
881,772.tif
882,773.tif
883,774.tif
884,775.tif
885,776.tif
886,777.tif
887,778.tif
888,779.tif
889,780.tif
890,781.tif
891,782.tif
892,783.tif
893,784.tif
894,785.tif
895,786.tif
896,787.tif
897,788.tif
898,789.tif
899,790.tif
900,791.tif
901,792.tif
903,794.tif
904,795.tif
905,796.tif
906,797.tif
907,798.tif
908,799.tif
909,800.tif
910,801.tif
911,802.tif
912,803.tif
913,804.tif
914,805.tif
915,806.tif
916,807.tif
917,808.tif
918,809.tif
919,810.tif
920,811.tif
921,812.tif
922,813.tif
923,814.tif
924,815.tif
925,816.tif
926,817.tif
927,818.tif
928,819.tif
929,820.tif
930,821.tif
931,822.tif
932,823.tif
933,824.tif
934,825.tif
935,826.tif
936,827.tif
937,828.tif
938,829.tif
939,830.tif
940,831.tif
941,832.tif
942,833.tif
943,834.tif
944,835.tif
945,836.tif
946,837.tif
947,838.tif
948,839.tif
949,840.tif
950,841.tif
951,842.tif
952,843.tif
953,844.tif
954,845.tif
955,846.tif
956,847.tif
957,848.tif
958,849.tif
961,852.tif
962,853.tif
963,854.tif
964,855.tif
965,856.tif
966,857.tif
967,858.tif
968,859.tif
969,860.tif
970,861.tif
971,862.tif
972,863.tif
973,864.tif
974,865.tif
975,866.tif
976,867.tif
977,868.tif
978,870.tif
979,871.tif
980,872.tif
981,873.tif
982,874.tif
983,875.tif
984,876.tif
985,877.tif
986,878.tif
987,879.tif
988,880.tif
989,881.tif
990,882.tif
991,883.tif
992,884.tif
993,885.tif
994,886.tif
995,887.tif
996,888.tif
1048,940.tif
1049,941.tif
1108,1006.tif
